﻿{"cameraMode":{"drawMode":0,"name":"Shaded","section":"Shading Mode"},"sceneLighting":false,"audioPlay":false,"sceneViewState":{"showFog":true,"showMaterialUpdate":false,"showSkybox":true,"showFlares":true,"showImageEffects":true,"showParticleSystems":true},"in2DMode":false,"pivot":{"x":-2.9157395362854006,"y":3.6307477951049806,"z":-0.3375006914138794},"rotation":{"x":-0.2186317890882492,"y":0.22791936993598939,"z":-0.052599210292100909,"w":-0.9473574757575989},"size":30.95063018798828,"orthographic":false}