﻿{"cameraMode":{"drawMode":0,"name":"Shaded","section":"Shading Mode"},"sceneLighting":true,"audioPlay":false,"sceneViewState":{"showFog":true,"showMaterialUpdate":false,"showSkybox":true,"showFlares":true,"showImageEffects":true,"showParticleSystems":true},"in2DMode":false,"pivot":{"x":-2.092588424682617,"y":-1.4571762084960938,"z":-7.495600700378418},"rotation":{"x":-0.027302248403429986,"y":0.9616012573242188,"z":-0.2525249719619751,"w":-0.10396546870470047},"size":37.363487243652347,"orthographic":false}