﻿{"cameraMode":{"drawMode":0,"name":"Shaded","section":"Shading Mode"},"sceneLighting":true,"audioPlay":false,"sceneViewState":{"showFog":true,"showMaterialUpdate":false,"showSkybox":true,"showFlares":true,"showImageEffects":true,"showParticleSystems":true},"in2DMode":false,"pivot":{"x":-0.9879775047302246,"y":13.455517768859864,"z":-7.459885120391846},"rotation":{"x":-0.1842465102672577,"y":0.7772523164749146,"z":-0.26519522070884707,"w":-0.5400034189224243},"size":34.669063568115237,"orthographic":false}