﻿{"cameraMode":{"drawMode":0,"name":"Shaded","section":"Shading Mode"},"sceneLighting":true,"audioPlay":false,"sceneViewState":{"showFog":true,"showMaterialUpdate":false,"showSkybox":true,"showFlares":true,"showImageEffects":true,"showParticleSystems":true},"in2DMode":false,"pivot":{"x":7.541101455688477,"y":-13.183597564697266,"z":13.97882080078125},"rotation":{"x":-0.19466333091259004,"y":0.8032565116882324,"z":-0.4289740324020386,"w":-0.3645085096359253},"size":60.01556396484375,"orthographic":false}