﻿{"cameraMode":{"drawMode":0,"name":"Shaded","section":"Shading Mode"},"sceneLighting":true,"audioPlay":false,"sceneViewState":{"showFog":true,"showMaterialUpdate":false,"showSkybox":true,"showFlares":true,"showImageEffects":true,"showParticleSystems":true},"in2DMode":false,"pivot":{"x":-3.5839099884033205,"y":13.581335067749024,"z":-1.5235404968261719},"rotation":{"x":-0.04300954192876816,"y":0.9120637774467468,"z":-0.09917347878217697,"w":-0.3955433964729309},"size":45.21359634399414,"orthographic":false}