﻿{"cameraMode":{"drawMode":0,"name":"Shaded","section":"Shading Mode"},"sceneLighting":false,"audioPlay":false,"sceneViewState":{"showFog":true,"showMaterialUpdate":false,"showSkybox":true,"showFlares":true,"showImageEffects":true,"showParticleSystems":true},"in2DMode":false,"pivot":{"x":-4.81926155090332,"y":3.237837791442871,"z":19.058990478515626},"rotation":{"x":-0.1937115341424942,"y":-0.4508821666240692,"z":0.10092029720544815,"w":-0.8654457330703735},"size":2.8578836917877199,"orthographic":false}