﻿{"cameraMode":{"drawMode":0,"name":"Shaded","section":"Shading Mode"},"sceneLighting":true,"audioPlay":false,"sceneViewState":{"showFog":true,"showMaterialUpdate":false,"showSkybox":true,"showFlares":true,"showImageEffects":true,"showParticleSystems":true},"in2DMode":false,"pivot":{"x":0.5505075454711914,"y":0.16992473602294923,"z":-0.6322145462036133},"rotation":{"x":-0.1112506240606308,"y":0.8872429728507996,"z":-0.28793999552726748,"w":-0.3428027033805847},"size":122.11022186279297,"orthographic":false}