﻿{"cameraMode":{"drawMode":0,"name":"Shaded","section":"Shading Mode"},"sceneLighting":false,"audioPlay":false,"sceneViewState":{"showFog":true,"showMaterialUpdate":false,"showSkybox":true,"showFlares":true,"showImageEffects":true,"showParticleSystems":true},"in2DMode":false,"pivot":{"x":-10.54464340209961,"y":6.739309310913086,"z":14.649567604064942},"rotation":{"x":0.14396464824676515,"y":0.37145596742630007,"z":-0.05842156708240509,"w":0.9153587818145752},"size":0.7578839659690857,"orthographic":false}