﻿{"cameraMode":{"drawMode":0,"name":"Shaded","section":"Shading Mode"},"sceneLighting":false,"audioPlay":false,"sceneViewState":{"showFog":true,"showMaterialUpdate":false,"showSkybox":true,"showFlares":true,"showImageEffects":true,"showParticleSystems":true},"in2DMode":false,"pivot":{"x":-4.854901313781738,"y":6.222146034240723,"z":7.569406509399414},"rotation":{"x":-0.305854856967926,"y":-0.5383023619651794,"z":0.21825672686100007,"w":-0.754352331161499},"size":3.757883310317993,"orthographic":false}