﻿{"cameraMode":{"drawMode":0,"name":"Shaded","section":"Shading Mode"},"sceneLighting":false,"audioPlay":false,"sceneViewState":{"showFog":true,"showMaterialUpdate":false,"showSkybox":true,"showFlares":true,"showImageEffects":true,"showParticleSystems":true},"in2DMode":false,"pivot":{"x":5.960464477539063e-8,"y":0.8527840375900269,"z":0.0},"rotation":{"x":-0.1112506240606308,"y":0.8872429728507996,"z":-0.28793999552726748,"w":-0.3428027033805847},"size":3.9928011894226076,"orthographic":false}