﻿{"cameraMode":{"drawMode":0,"name":"Shaded","section":"Shading Mode"},"sceneLighting":true,"audioPlay":false,"sceneViewState":{"showFog":true,"showMaterialUpdate":false,"showSkybox":true,"showFlares":true,"showImageEffects":true,"showParticleSystems":true},"in2DMode":false,"pivot":{"x":0.5505075454711914,"y":0.16992473602294923,"z":-0.6322145462036133},"rotation":{"x":-0.1842465102672577,"y":0.7772523164749146,"z":-0.26519522070884707,"w":-0.5400034189224243},"size":7.784186840057373,"orthographic":false}