﻿{"cameraMode":{"drawMode":0,"name":"Shaded","section":"Shading Mode"},"sceneLighting":false,"audioPlay":false,"sceneViewState":{"showFog":true,"showMaterialUpdate":false,"showSkybox":true,"showFlares":true,"showImageEffects":true,"showParticleSystems":true},"in2DMode":false,"pivot":{"x":5.960464477539063e-8,"y":0.8332501649856567,"z":0.025947749614715577},"rotation":{"x":-0.2824597656726837,"y":0.6096099615097046,"z":-0.2465381920337677,"w":-0.6984348297119141},"size":3.8999688625335695,"orthographic":false}