﻿{"cameraMode":{"drawMode":0,"name":"Shaded","section":"Shading Mode"},"sceneLighting":false,"audioPlay":false,"sceneViewState":{"showFog":true,"showMaterialUpdate":false,"showSkybox":true,"showFlares":true,"showImageEffects":true,"showParticleSystems":true},"in2DMode":false,"pivot":{"x":-0.025573857128620149,"y":5.864484786987305,"z":4.8786797523498539},"rotation":{"x":-0.007866685278713704,"y":-0.9148621559143066,"z":0.4032951891422272,"w":-0.017845699563622476},"size":1.4289418458938599,"orthographic":false}