﻿{"cameraMode":{"drawMode":0,"name":"Shaded","section":"Shading Mode"},"sceneLighting":true,"audioPlay":false,"sceneViewState":{"showFog":true,"showMaterialUpdate":false,"showSkybox":true,"showFlares":true,"showImageEffects":true,"showParticleSystems":true},"in2DMode":false,"pivot":{"x":-15.195531845092774,"y":29.35986328125,"z":6.483505725860596},"rotation":{"x":-0.08223536610603333,"y":0.6884431838989258,"z":-0.07904081046581269,"w":-0.7162652611732483},"size":31.62063980102539,"orthographic":false}