﻿{"cameraMode":{"drawMode":0,"name":"Shaded","section":"Shading Mode"},"sceneLighting":false,"audioPlay":false,"sceneViewState":{"showFog":true,"showMaterialUpdate":false,"showSkybox":true,"showFlares":true,"showImageEffects":true,"showParticleSystems":true},"in2DMode":false,"pivot":{"x":-0.025573857128620149,"y":5.864484786987305,"z":4.8786797523498539},"rotation":{"x":0.14396464824676515,"y":0.37145596742630007,"z":-0.05842156708240509,"w":0.9153587818145752},"size":1.4289418458938599,"orthographic":false}